,ProdDate,Actual_kWh,Production1,Production2,Feed,Weekday,BRP
273,2019-10-01,145518.0,8782.824395,9619.415082,8782.824395,Tuesday,RP
274,2019-10-02,182100.0,14680.26818,16395.29867,14680.26818,Wednesday,RP
275,2019-10-03,131731.0,7738.7123065,8643.075946,7738.7123065,Thursday,RP
276,2019-10-04,139224.0,8137.6292405,8964.772942,8137.6292405,Friday,RP
277,2019-10-05,172187.0,10898.523245,13555.14162,10898.523245,Saturday,RP
278,2019-10-06,56242.0,547.5070736499999,,547.5070736499999,Sunday,RP
279,2019-10-07,183849.0,13136.388595,13783.479,13136.388595,Monday,RP
280,2019-10-08,151153.0,10374.668455,11283.01598,10374.668455,Tuesday,RP
281,2019-10-09,166882.0,12925.838855,14173.78969,12925.838855,Wednesday,RP
282,2019-10-10,150805.0,9337.8640465,10522.64126,9337.8640465,Thursday,RP
283,2019-10-11,202433.0,17886.656635,20154.42931,17886.656635,Friday,RP
284,2019-10-12,165764.0,8475.2326685,10853.33678,8475.2326685,Saturday,RP
285,2019-10-13,43703.0,923.13565405,,923.13565405,Sunday,RP
286,2019-10-14,76945.0,86.250717315,1032.57987,86.250717315,Monday,RP
287,2019-10-15,54559.0,713.63727715,0.0,713.63727715,Tuesday,RP
288,2019-10-16,189721.0,15162.553305,16199.58092,15162.553305,Wednesday,RP
289,2019-10-17,144751.0,10041.209295,10986.06491,10041.209295,Thursday,RP
290,2019-10-18,196931.0,15933.051265,17667.46407,15933.051265,Friday,RP
291,2019-10-19,205470.0,14174.55491,17407.63188,14174.55491,Saturday,RP
292,2019-10-20,47287.0,963.56829785,,963.56829785,Sunday,RP
293,2019-10-21,190724.0,13718.05973,16265.94498,13718.05973,Monday,RP
294,2019-10-22,170269.0,12555.754505,12443.82472,12555.754505,Tuesday,RP
295,2019-10-23,193909.0,16281.878625,18128.63808,16281.878625,Wednesday,RP
296,2019-10-24,142098.0,9084.6602265,10023.22355,9084.6602265,Thursday,RP
297,2019-10-25,158102.0,10168.89789,12203.11439,10168.89789,Friday,RP
298,2019-10-26,164975.0,9137.4586225,11052.42897,9137.4586225,Saturday,RP
299,2019-10-27,43703.0,4.731804181999999,,4.731804181999999,Sunday,RP
300,2019-10-28,132693.0,0.0006,16923.96157,0.0006,Monday,RP
301,2019-10-29,130775.0,16.47231832,15781.89536,16.47231832,Tuesday,RP
302,2019-10-30,204677.0,8237.154058,17755.87848,8237.154058,Wednesday,RP
303,2019-10-31,122000.0,6834.584605,7401.882837,6834.584605,Thursday,RP
304,2019-11-01,200558.0,19009.446035,19982.4251,19009.446035,Friday,RP
305,2019-11-02,177351.0,12859.084445,15711.00034,12859.084445,Saturday,RP
306,2019-11-03,46998.0,160.784862,,160.784862,Sunday,RP
307,2019-11-04,189332.0,17092.126445,17089.02223,17092.126445,Monday,RP
308,2019-11-05,201535.0,16731.99739,18568.9557,16731.99739,Tuesday,RP
309,2019-11-06,146004.0,7130.689536,9204.167089,7130.689536,Wednesday,RP
310,2019-11-07,100467.0,5391.6688755,8384.443459,5391.6688755,Thursday,RP
311,2019-11-08,193408.0,17432.337935,18656.46674,17432.337935,Friday,RP
312,2019-11-09,153177.0,9924.908983,12552.84889,9924.908983,Saturday,RP
313,2019-11-10,40076.0,747.4621795,,747.4621795,Sunday,RP
314,2019-11-11,187590.0,15692.5091,16884.09132,15692.5091,Monday,RP
315,2019-11-12,141344.0,7285.256984,8180.620286,7285.256984,Tuesday,RP
316,2019-11-13,198947.0,15756.791415,17404.7266,15756.791415,Wednesday,RP
317,2019-11-14,121463.0,5749.579752,7714.264004,5749.579752,Thursday,RP
318,2019-11-15,140724.0,9503.3870005,8500.755595,9503.3870005,Friday,RP
319,2019-11-16,206257.0,19219.920175,23065.25059,19219.920175,Saturday,RP
320,2019-11-17,45816.0,540.4885328,,540.4885328,Sunday,RP
321,2019-11-18,201423.0,18099.370175,18828.16561,18099.370175,Monday,RP
322,2019-11-19,191064.0,15747.315895,17147.73216,15747.315895,Tuesday,RP
323,2019-11-20,140097.0,9671.1578175,10537.87959,9671.1578175,Wednesday,RP
324,2019-11-21,208861.0,18884.41508,21301.73705,18884.41508,Thursday,RP
325,2019-11-22,191643.0,14594.46108,16836.45873,14594.46108,Friday,RP
326,2019-11-23,187841.0,15388.24736,22866.96609,15388.24736,Saturday,RP
327,2019-11-24,40076.0,5660.544226,,5660.544226,Sunday,RP
328,2019-11-25,187590.0,16891.65494,18313.069,16891.65494,Monday,RP
329,2019-11-26,141344.0,8657.7429495,8805.38262,8657.7429495,Tuesday,RP
330,2019-11-27,198947.0,14586.994885,16686.91455,14586.994885,Wednesday,RP
331,2019-11-28,121463.0,6123.0101565,6920.826318,6123.0101565,Thursday,RP
332,2019-11-29,140724.0,17190.159375,19132.02012,17190.159375,Friday,RP
333,2019-11-30,206257.0,16186.060605,21859.4167,16186.060605,Saturday,RP
334,2019-12-01,45816.0,984.0874549,,984.0874549,Sunday,RP
335,2019-12-02,179006.0,14482.634924999998,15903.29769,14482.634924999998,Monday,RP
336,2019-12-03,174564.0,12351.11376,14017.57661,12351.11376,Tuesday,RP
337,2019-12-04,140559.0,4820.9234400000005,4479.737387,4820.9234400000005,Wednesday,RP
338,2019-12-05,195992.0,16083.369035,18492.71468,16083.369035,Thursday,RP
339,2019-12-06,194425.0,14749.69106,16884.10262,14749.69106,Friday,RP
340,2019-12-07,196906.0,16153.72062,20238.15651,16153.72062,Saturday,RP
341,2019-12-08,43162.0,202.69171245,0.0,202.69171245,Sunday,RP
342,2019-12-09,169946.0,12070.506785,13916.39158,12070.506785,Monday,RP
343,2019-12-10,124530.0,6337.718628,7442.849104,6337.718628,Tuesday,RP
344,2019-12-11,146490.0,9998.9144295,11378.71694,9998.9144295,Wednesday,RP
345,2019-12-12,196052.0,15016.07642,18678.98713,15016.07642,Thursday,RP
346,2019-12-13,202712.0,16135.91455,20260.00328,16135.91455,Friday,RP
347,2019-12-14,196682.0,16213.20952,19979.44477,16213.20952,Saturday,RP
348,2019-12-15,42652.0,36.000600815,,36.000600815,Sunday,RP
349,2019-12-16,52706.0,833.9028306499999,,833.9028306499999,Monday,RP
350,2019-12-17,202923.0,16351.47153,17718.87914,16351.47153,Tuesday,RP
351,2019-12-18,196815.0,15458.77355,17987.93934,15458.77355,Wednesday,RP
352,2019-12-19,88282.0,3697.407953,3274.715626,3697.407953,Thursday,RP
353,2019-12-20,208090.0,20018.31314,22404.43609,20018.31314,Friday,RP
354,2019-12-21,197703.0,16845.1112,21152.2713,16845.1112,Saturday,RP
355,2019-12-22,51789.0,419.5681218,,419.5681218,Sunday,RP
356,2019-12-23,187739.0,16995.936515,17904.00176,16995.936515,Monday,RP
357,2019-12-24,148353.0,10445.573325,13640.4324,10445.573325,Tuesday,RP
358,2019-12-25,36577.0,36.000600815,,36.000600815,Wednesday,RP
359,2019-12-26,148381.0,13542.28656,14302.73444,13542.28656,Thursday,RP
360,2019-12-27,151016.0,12211.61923,12989.62866,12211.61923,Friday,RP
361,2019-12-28,199539.0,14542.861395,18536.40822,14542.861395,Saturday,RP
362,2019-12-29,45106.0,557.31921605,,557.31921605,Sunday,RP
363,2019-12-30,191406.0,17027.564165,18196.05856,17027.564165,Monday,RP
364,2019-12-31,155632.0,4106.905595,6402.253022,4106.905595,Tuesday,RP
365,2020-01-01,196815.0,36.000600815,,36.000600815,Wednesday,RP
366,2020-01-02,88282.0,35.996795725,,35.996795725,Thursday,RP
367,2020-01-03,208090.0,5184.4730855,,5184.4730855,Friday,RP
368,2020-01-04,197703.0,6337.0061925,,6337.0061925,Saturday,RP
369,2020-01-05,51789.0,412.32409765,,412.32409765,Sunday,RP
370,2020-01-06,187739.0,10434.545095,,10434.545095,Monday,RP
371,2020-01-07,197263.0,14131.77892,,14131.77892,Tuesday,RP
372,2020-01-08,117699.0,5994.702152,,5994.702152,Wednesday,RP
373,2020-01-09,86884.0,4893.232728,,4893.232728,Thursday,RP
374,2020-01-10,179148.0,13881.90096,,13881.90096,Friday,RP
375,2020-01-11,113197.0,7867.2102385,,7867.2102385,Saturday,RP
376,2020-01-12,33493.0,974.8586134,,974.8586134,Sunday,RP
377,2020-01-13,194561.0,18135.63552,,18135.63552,Monday,RP
378,2020-01-14,191515.0,15716.26378,,15716.26378,Tuesday,RP
379,2020-01-15,205528.0,18075.233480000003,,18075.233480000003,Wednesday,RP
380,2020-01-16,150092.0,7415.0411115,,7415.0411115,Thursday,RP
381,2020-01-17,204579.0,18612.87477,,18612.87477,Friday,RP
382,2020-01-18,145176.0,9977.110131,,9977.110131,Saturday,RP
383,2020-01-19,36217.0,42.16780568005901,,42.16780568005901,Sunday,RP
384,2020-01-20,194585.0,17686.06804,,17686.06804,Monday,RP
385,2020-01-21,200222.0,18061.04675,,18061.04675,Tuesday,RP
386,2020-01-22,207948.0,16710.96542,,16710.96542,Wednesday,RP
387,2020-01-23,138099.0,9009.634383,,9009.634383,Thursday,RP
388,2020-01-24,171434.0,11628.34133,,11628.34133,Friday,RP
389,2020-01-25,194566.0,16693.97279,,16693.97279,Saturday,RP
390,2020-01-26,96059.0,5216.328648,,5216.328648,Sunday,RP
391,2020-01-27,141280.0,8491.57327,,8491.57327,Monday,RP
392,2020-01-28,113136.0,6014.7975575,,6014.7975575,Tuesday,RP
393,2020-01-29,191571.0,15801.085725,,15801.085725,Wednesday,RP
394,2020-01-30,122007.0,7829.4066195,,7829.4066195,Thursday,RP
395,2020-01-31,204353.0,18380.070815,,18380.070815,Friday,RP
396,2020-02-01,100048.0,4704.7111475,,4704.7111475,Saturday,RP
397,2020-02-02,33954.0,985.06016,,985.06016,Sunday,RP
398,2020-02-03,195541.0,18820.37916,,18820.37916,Monday,RP
399,2020-02-04,206349.0,17624.764375,,17624.764375,Tuesday,RP
400,2020-02-05,196744.0,14787.153794999998,,14787.153794999998,Wednesday,RP
401,2020-02-06,164359.0,12095.694675,,12095.694675,Thursday,RP
402,2020-02-07,119813.0,5626.920959,,5626.920959,Friday,RP
403,2020-02-08,194841.0,15350.227725,,15350.227725,Saturday,RP
404,2020-02-09,45689.0,511.8401037,,511.8401037,Sunday,RP
405,2020-02-10,176652.0,13182.58526,,13182.58526,Monday,RP
406,2020-02-11,201747.0,17371.22265,,17371.22265,Tuesday,RP
407,2020-02-12,192174.0,14728.687385,,14728.687385,Wednesday,RP
408,2020-02-13,120874.0,5835.560794999999,,5835.560794999999,Thursday,RP
409,2020-02-14,178879.0,13392.421245,,13392.421245,Friday,RP
410,2020-02-15,199992.0,13956.68149,,13956.68149,Saturday,RP
411,2020-02-16,45560.0,890.22656665,,890.22656665,Sunday,RP
412,2020-02-17,182582.0,14214.112715,,14214.112715,Monday,RP
413,2020-02-18,150894.0,6999.7800145,,6999.7800145,Tuesday,RP
414,2020-02-19,105485.0,3028.7148555000003,,3028.7148555000003,Wednesday,RP
415,2020-02-20,84012.0,3948.7713235,,3948.7713235,Thursday,RP
416,2020-02-21,199139.0,17857.493835,,17857.493835,Friday,RP
417,2020-02-22,202485.0,15754.18257,,15754.18257,Saturday,RP
418,2020-02-23,46057.0,899.7834468,,899.7834468,Sunday,RP
419,2020-02-24,192906.0,19858.961765,,19858.961765,Monday,RP
420,2020-02-25,198222.0,16200.987255,,16200.987255,Tuesday,RP
421,2020-02-26,213568.0,19431.04817,,19431.04817,Wednesday,RP
422,2020-02-27,133687.0,8499.4234175,,8499.4234175,Thursday,RP
423,2020-02-28,193450.0,17513.786585,,17513.786585,Friday,RP
424,2020-02-29,112474.0,5483.608806,,5483.608806,Saturday,RP
425,2020-03-01,41986.0,1338.697094,,1338.697094,Sunday,RP
426,2020-03-02,212631.0,20106.715505,,20106.715505,Monday,RP
427,2020-03-03,192621.0,15202.999875,,15202.999875,Tuesday,RP
428,2020-03-04,209918.0,20791.52511,,20791.52511,Wednesday,RP
429,2020-03-05,114783.0,5053.738664,,5053.738664,Thursday,RP
430,2020-03-06,207316.0,18763.43086,,18763.43086,Friday,RP
431,2020-03-07,186855.0,14172.56263,,14172.56263,Saturday,RP
432,2020-03-08,45438.0,901.1127855,,901.1127855,Sunday,RP
433,2020-03-09,194840.0,16842.56469,,16842.56469,Monday,RP
434,2020-03-10,209681.0,17063.851815,,17063.851815,Tuesday,RP
435,2020-03-11,70688.0,154.1664998,,154.1664998,Wednesday,RP
436,2020-03-12,68576.0,114.65542595,,114.65542595,Thursday,RP
437,2020-03-13,185909.0,10244.785309,,10244.785309,Friday,RP
438,2020-03-14,201408.0,19503.9112,,19503.9112,Saturday,RP
439,2020-03-15,43626.0,8099.3526145,,8099.3526145,Sunday,RP
440,2020-03-16,202685.0,11617.600125,,11617.600125,Monday,RP
441,2020-03-17,205145.0,16546.83257,,16546.83257,Tuesday,RP
442,2020-03-18,178075.0,14020.377705,,14020.377705,Wednesday,RP
443,2020-03-19,125913.0,6154.6616675000005,,6154.6616675000005,Thursday,RP
444,2020-03-20,186078.0,17648.153554999997,,17648.153554999997,Friday,RP
445,2020-03-21,124274.0,24335.99927,,24335.99927,Saturday,RP
446,2020-03-22,45438.0,24335.99927,,24335.99927,Sunday,RP
447,2020-03-23,194840.0,15624.574285,,15624.574285,Monday,RP
448,2020-03-24,209681.0,17883.967045,,17883.967045,Tuesday,RP
449,2020-03-25,70688.0,17523.801515,,17523.801515,Wednesday,RP
450,2020-03-26,68576.0,5089.0499145,,5089.0499145,Thursday,RP
451,2020-03-27,185909.0,32.829864377,,32.829864377,Friday,RP
452,2020-03-28,115031.0,29.7028566915,,29.7028566915,Saturday,RP
453,2020-03-29,27089.0,31.359236095,,31.359236095,Sunday,RP
454,2020-03-30,30676.0,25.52940126,,25.52940126,Monday,RP
455,2020-03-31,112482.0,9268.7101965,,9268.7101965,Tuesday,RP
456,2020-04-01,200818.0,19009.526285,,19009.526285,Wednesday,RP
457,2020-04-02,189545.0,15358.924195,,15358.924195,Thursday,RP
458,2020-04-03,102110.0,4010.9823265,,4010.9823265,Friday,RP
459,2020-04-04,46747.0,26.26621044,,26.26621044,Saturday,RP
460,2020-04-05,35671.0,31.4366985,,31.4366985,Sunday,RP
461,2020-04-06,40228.0,32.350014956,,32.350014956,Monday,RP
462,2020-04-07,139120.0,12713.90838,,12713.90838,Tuesday,RP
463,2020-04-08,209909.0,19422.54367,,19422.54367,Wednesday,RP
464,2020-04-09,200437.0,19613.528065,,19613.528065,Thursday,RP
465,2020-04-10,145367.0,10171.50328,,10171.50328,Friday,RP
466,2020-04-11,45764.0,31.77398638,,31.77398638,Saturday,RP
467,2020-04-12,39956.0,32.718524045,,32.718524045,Sunday,RP
468,2020-04-13,41960.0,34.99928891,,34.99928891,Monday,RP
469,2020-04-14,139174.0,12034.75506,,12034.75506,Tuesday,RP
470,2020-04-15,153560.0,10264.979095,,10264.979095,Wednesday,RP
471,2020-04-16,61293.0,35.124919535,,35.124919535,Thursday,RP
472,2020-04-17,51926.0,35.5479937335,,35.5479937335,Friday,RP
473,2020-04-18,46470.0,35.962551320500005,,35.962551320500005,Saturday,RP
474,2020-04-19,42856.0,35.996998785,,35.996998785,Sunday,RP
475,2020-04-20,48502.0,35.92163553,,35.92163553,Monday,RP
476,2020-04-21,128468.0,9285.5341845,,9285.5341845,Tuesday,RP
477,2020-04-22,197770.0,16802.134015,,16802.134015,Wednesday,RP
478,2020-04-23,177437.0,13712.20159,,13712.20159,Thursday,RP
479,2020-04-24,89904.0,2972.207015,,2972.207015,Friday,RP
480,2020-04-25,49929.0,342.7838929,,342.7838929,Saturday,RP
481,2020-04-26,38224.0,35.9651819750058,,35.9651819750058,Sunday,RP
482,2020-04-27,133992.0,10643.21372,,10643.21372,Monday,RP
483,2020-04-28,199288.0,16067.97845,,16067.97845,Tuesday,RP
484,2020-04-29,152918.0,10100.64278,,10100.64278,Wednesday,RP
485,2020-04-30,194904.0,14770.774565,,14770.774565,Thursday,RP
486,2020-05-01,52657.0,35.57015224,,35.57015224,Friday,RP
487,2020-05-02,47279.0,35.849103685,,35.849103685,Saturday,RP
488,2020-05-03,40992.0,35.281969365,,35.281969365,Sunday,RP
489,2020-05-04,150217.0,12508.660115,,12508.660115,Monday,RP
490,2020-05-05,210275.0,18304.72126,,18304.72126,Tuesday,RP
491,2020-05-06,216344.0,19283.658165,,19283.658165,Wednesday,RP
492,2020-05-07,152133.0,9842.6275765,,9842.6275765,Thursday,RP
493,2020-05-08,199902.0,16855.90262,,16855.90262,Friday,RP
494,2020-05-09,166925.0,11064.984695,,11064.984695,Saturday,RP
495,2020-05-10,45127.0,736.84280865,,736.84280865,Sunday,RP
496,2020-05-11,211040.0,19146.552125,,19146.552125,Monday,RP
497,2020-05-12,209984.0,17430.605134999998,,17430.605134999998,Tuesday,RP
498,2020-05-13,217593.0,19607.411525,,19607.411525,Wednesday,RP
499,2020-05-14,148042.0,8939.0009995,,8939.0009995,Thursday,RP
500,2020-05-15,205513.0,15420.33979,,15420.33979,Friday,RP
501,2020-05-16,202152.0,15071.744755,,15071.744755,Saturday,RP
502,2020-05-17,99326.0,5854.1603405,,5854.1603405,Sunday,RP
503,2020-05-18,202457.0,18725.35368,,18725.35368,Monday,RP
504,2020-05-19,208037.0,16362.77194,,16362.77194,Tuesday,RP
505,2020-05-20,218411.0,19358.162915,,19358.162915,Wednesday,RP
506,2020-05-21,153524.0,9878.212972,,9878.212972,Thursday,RP
507,2020-05-22,213681.0,18563.123175,,18563.123175,Friday,RP
508,2020-05-23,220948.0,19478.831565,,19478.831565,Saturday,RP
509,2020-05-24,94460.0,4922.85514,,4922.85514,Sunday,RP
510,2020-05-25,213016.0,18685.816715,,18685.816715,Monday,RP
511,2020-05-26,222168.0,19866.229575,,19866.229575,Tuesday,RP
512,2020-05-27,231089.0,19495.60338,,19495.60338,Wednesday,RP
513,2020-05-28,223086.0,16858.17688,,16858.17688,Thursday,RP
514,2020-05-29,190955.0,15631.70668,,15631.70668,Friday,RP
515,2020-05-30,150247.0,9934.8794945,,9934.8794945,Saturday,RP
516,2020-05-31,49007.0,321.19662715,,321.19662715,Sunday,RP
517,2020-06-01,187695.0,15273.715525,,15273.715525,Monday,RP
518,2020-06-02,219177.0,20300.017975,,20300.017975,Tuesday,RP
519,2020-06-03,215332.0,17379.233355,,17379.233355,Wednesday,RP
520,2020-06-04,209291.0,17070.4356,,17070.4356,Thursday,RP
521,2020-06-05,80465.0,178.21233889,,178.21233889,Friday,RP
522,2020-06-06,54022.0,148.641065435,,148.641065435,Saturday,RP
523,2020-06-07,21437.0,87.8957854,,87.8957854,Sunday,RP
524,2020-06-08,55457.0,0.0,,0.0,Monday,RP
525,2020-06-09,53957.0,0.0,,0.0,Tuesday,RP
526,2020-06-10,48306.0,0.0,,0.0,Wednesday,RP
527,2020-06-11,57275.0,0.0,,0.0,Thursday,RP
528,2020-06-12,58631.0,0.0,,0.0,Friday,RP
529,2020-06-13,58596.0,0.0,,0.0,Saturday,RP
530,2020-06-14,50093.0,0.0,,0.0,Sunday,RP
531,2020-06-15,160701.0,5780.412321,,5780.412321,Monday,RP
532,2020-06-16,204053.0,9384.00119877,,9384.00119877,Tuesday,RP
533,2020-06-17,221027.0,11466.512491,,11466.512491,Wednesday,RP
534,2020-06-18,224651.0,18461.144655,,18461.144655,Thursday,RP
535,2020-06-19,188757.0,13649.00896,,13649.00896,Friday,RP
536,2020-06-20,196580.0,15309.57495,,15309.57495,Saturday,RP
537,2020-06-21,99144.0,3941.0270825,,3941.0270825,Sunday,RP
538,2020-06-22,198404.0,16721.686419999998,,16721.686419999998,Monday,RP
539,2020-06-23,217382.0,19268.69878,,19268.69878,Tuesday,RP
540,2020-06-24,221712.0,18803.65808,,18803.65808,Wednesday,RP
541,2020-06-25,215093.0,16356.058215,,16356.058215,Thursday,RP
542,2020-06-26,188289.0,13057.96405,,13057.96405,Friday,RP
543,2020-06-27,217264.0,18500.792685,,18500.792685,Saturday,RP
544,2020-06-28,95333.0,4211.570488,,4211.570488,Sunday,RP
545,2020-06-29,185273.0,17232.355885,,17232.355885,Monday,RP
546,2020-06-30,213465.0,17062.769675,,17062.769675,Tuesday,RP
547,2020-07-01,163435.0,11541.96153,,11541.96153,Wednesday,RP
548,2020-07-02,223263.0,18456.46606,,18456.46606,Thursday,RP
549,2020-07-03,220489.0,18895.77463,,18895.77463,Friday,RP
550,2020-07-04,207960.0,14720.759145,,14720.759145,Saturday,RP
551,2020-07-05,90687.0,825.097755,,825.097755,Sunday,RP
552,2020-07-06,202077.0,17389.75615,,17389.75615,Monday,RP
553,2020-07-07,218551.0,18436.895055,,18436.895055,Tuesday,RP
554,2020-07-08,193821.0,14730.278315,,14730.278315,Wednesday,RP
555,2020-07-09,122072.0,5856.908583,,5856.908583,Thursday,RP
556,2020-07-10,210055.0,20048.83845,,20048.83845,Friday,RP
557,2020-07-11,198752.0,15595.098335,,15595.098335,Saturday,RP
558,2020-07-12,54386.0,2174.0633475,,2174.0633475,Sunday,RP
559,2020-07-13,212827.0,20459.96589,,20459.96589,Monday,RP
560,2020-07-14,209660.0,18375.1785,,18375.1785,Tuesday,RP
561,2020-07-15,189635.0,16388.98792,,16388.98792,Wednesday,RP
562,2020-07-16,112847.0,2845.3123095,,2845.3123095,Thursday,RP
563,2020-07-17,217356.0,20232.901335,,20232.901335,Friday,RP
564,2020-07-18,226784.0,19307.893635,,19307.893635,Saturday,RP
565,2020-07-19,99967.0,0.0012000005,,0.0012000005,Sunday,RP
566,2020-07-20,153480.0,6326.286005,,6326.286005,Monday,RP
567,2020-07-21,215543.0,14711.187455,,14711.187455,Tuesday,RP
568,2020-07-22,201240.0,16191.84878,,16191.84878,Wednesday,RP
569,2020-07-23,152231.0,10009.8259225,,10009.8259225,Thursday,RP
570,2020-07-24,226241.0,20899.18797,,20899.18797,Friday,RP
571,2020-07-25,224173.0,20642.13987,,20642.13987,Saturday,RP
572,2020-07-26,108904.0,5145.6947155,,5145.6947155,Sunday,RP
573,2020-07-27,225873.0,13960.077995,,13960.077995,Monday,RP
574,2020-07-28,227636.0,17501.54034,,17501.54034,Tuesday,RP
575,2020-07-29,217356.0,17896.595665,,17896.595665,Wednesday,RP
576,2020-07-30,160245.0,11399.9233,,11399.9233,Thursday,RP
577,2020-07-31,221157.0,13993.361408,,13993.361408,Friday,RP
578,2020-08-01,178545.0,6518.540569825001,,6518.540569825001,Saturday,RP
579,2020-08-02,53350.0,687.071206865,,687.071206865,Sunday,RP
580,2020-08-03,212880.0,11320.749429,,11320.749429,Monday,RP
581,2020-08-04,223695.0,10755.8303746,,10755.8303746,Tuesday,RP
582,2020-08-05,218363.0,10556.3255678,,10556.3255678,Wednesday,RP
583,2020-08-06,157491.0,8567.3809815,,8567.3809815,Thursday,RP
584,2020-08-07,227286.0,20705.44885,,20705.44885,Friday,RP
585,2020-08-08,217131.0,21874.82851,,21874.82851,Saturday,RP
586,2020-08-09,106022.0,6620.600278,,6620.600278,Sunday,RP
587,2020-08-10,207222.0,20549.53629,,20549.53629,Monday,RP
588,2020-08-11,204644.0,17483.37724,,17483.37724,Tuesday,RP
589,2020-08-12,203179.0,18169.710915,,18169.710915,Wednesday,RP
590,2020-08-13,165151.0,16665.08425,,16665.08425,Thursday,RP
591,2020-08-14,222932.0,18931.488195,,18931.488195,Friday,RP
592,2020-08-15,195038.0,15842.155385,,15842.155385,Saturday,RP
593,2020-08-16,109485.0,5352.1160115,,5352.1160115,Sunday,RP
594,2020-08-17,212840.0,20593.792895,,20593.792895,Monday,RP
595,2020-08-18,225574.0,18766.09504,,18766.09504,Tuesday,RP
596,2020-08-19,231185.0,20249.989125,,20249.989125,Wednesday,RP
597,2020-08-20,134018.0,6058.067842,,6058.067842,Thursday,RP
598,2020-08-21,216917.0,18378.24364,,18378.24364,Friday,RP
599,2020-08-22,218354.0,19048.172885,,19048.172885,Saturday,RP
600,2020-08-23,60387.0,1246.7024299999998,,1246.7024299999998,Sunday,RP
601,2020-08-24,216510.0,19680.401465000003,,19680.401465000003,Monday,RP
602,2020-08-25,211417.0,18729.505045,,18729.505045,Tuesday,RP
603,2020-08-26,229419.0,20576.87586,,20576.87586,Wednesday,RP
604,2020-08-27,157341.0,17067.072905,,17067.072905,Thursday,RP
605,2020-08-28,220834.0,20169.77036,,20169.77036,Friday,RP
606,2020-08-29,213845.0,17379.681805,,17379.681805,Saturday,RP
607,2020-08-30,48532.0,1282.001634,,1282.001634,Sunday,RP
608,2020-08-31,225579.0,19494.87085,,19494.87085,Monday,RP
609,2020-09-01,196001.0,11759.813065,,11759.813065,Tuesday,RP
610,2020-09-02,216418.0,19006.316285,,19006.316285,Wednesday,RP
611,2020-09-03,136683.0,7243.963262,,7243.963262,Thursday,RP
612,2020-09-04,226987.0,20009.975980000003,,20009.975980000003,Friday,RP
613,2020-09-05,228490.0,18108.79326,,18108.79326,Saturday,RP
614,2020-09-06,59712.0,480.431135,,480.431135,Sunday,RP
615,2020-09-07,213363.0,18482.40054,,18482.40054,Monday,RP
616,2020-09-08,207020.0,16389.90899,,16389.90899,Tuesday,RP
617,2020-09-09,225788.0,19195.935255,,19195.935255,Wednesday,RP
618,2020-09-10,149796.0,9247.807997,,9247.807997,Thursday,RP
619,2020-09-11,221282.0,16420.448495,,16420.448495,Friday,RP
620,2020-09-12,122787.0,3805.4491815,,3805.4491815,Saturday,RP
621,2020-09-13,60966.0,978.68551345,,978.68551345,Sunday,RP
622,2020-09-14,212501.0,19078.030355,,19078.030355,Monday,RP
623,2020-09-15,220639.0,17731.791845,,17731.791845,Tuesday,RP
624,2020-09-16,220087.0,19718.49653,,19718.49653,Wednesday,RP
625,2020-09-17,153909.0,10894.885295,,10894.885295,Thursday,RP
626,2020-09-18,205354.0,17382.914389999998,,17382.914389999998,Friday,RP
627,2020-09-19,223431.0,19753.119515,,19753.119515,Saturday,RP
628,2020-09-20,101954.0,5513.5817085,,5513.5817085,Sunday,RP
629,2020-09-21,215726.0,20354.2547,,20354.2547,Monday,RP
630,2020-09-22,171061.0,10738.28069,,10738.28069,Tuesday,RP
631,2020-09-23,109768.0,6334.124616499999,,6334.124616499999,Wednesday,RP
632,2020-09-24,208733.0,19282.733855,,19282.733855,Thursday,RP
633,2020-09-25,209419.0,18832.22707,,18832.22707,Friday,RP
634,2020-09-26,163928.0,11241.67808,,11241.67808,Saturday,RP
635,2020-09-27,51488.0,871.4520282000001,,871.4520282000001,Sunday,RP
636,2020-09-28,210492.0,18545.20614,,18545.20614,Monday,RP
637,2020-09-29,205679.0,17043.216014999998,,17043.216014999998,Tuesday,RP
638,2020-09-30,122978.0,4955.6565470000005,,4955.6565470000005,Wednesday,RP
639,2020-10-01,110487.0,5381.467837,,5381.467837,Thursday,RP
640,2020-10-02,216403.0,18177.82554,,18177.82554,Friday,RP
641,2020-10-03,158605.0,10869.815705,,10869.815705,Saturday,RP
642,2020-10-04,49843.0,699.2809623,,699.2809623,Sunday,RP
643,2020-10-05,197504.0,17742.93416,,17742.93416,Monday,RP
644,2020-10-06,196221.0,15621.88735,,15621.88735,Tuesday,RP
645,2020-10-07,57440.0,1061.1747345,,1061.1747345,Wednesday,RP
646,2020-10-08,140114.0,8126.7352285,,8126.7352285,Thursday,RP
647,2020-10-09,212794.0,19734.488225,,19734.488225,Friday,RP
648,2020-10-10,214462.0,17356.909355,,17356.909355,Saturday,RP
649,2020-10-11,66091.0,585.8111002,,585.8111002,Sunday,RP
650,2020-10-12,219178.0,17817.757355,,17817.757355,Monday,RP
651,2020-10-13,206884.0,15769.669365000002,,15769.669365000002,Tuesday,RP
652,2020-10-14,97384.0,2815.901874,,2815.901874,Wednesday,RP
653,2020-10-15,213638.0,19838.401095,,19838.401095,Thursday,RP
654,2020-10-16,70912.0,21952.834715,,21952.834715,Friday,RP
655,2020-10-17,207332.0,21952.834715,,21952.834715,Saturday,RP
656,2020-10-18,58514.0,21952.834715,,21952.834715,Sunday,RP
657,2020-10-19,204295.0,18263.61184,,18263.61184,Monday,RP
658,2020-10-20,166113.0,9798.884396,,9798.884396,Tuesday,RP
659,2020-10-21,196771.0,13956.17807,,13956.17807,Wednesday,RP
660,2020-10-22,152842.0,9153.6620465,,9153.6620465,Thursday,RP
661,2020-10-23,220156.0,18707.755075,,18707.755075,Friday,RP
662,2020-10-24,167039.0,10910.26352,,10910.26352,Saturday,RP
663,2020-10-25,55504.0,1008.0490475,,1008.0490475,Sunday,RP
664,2020-10-26,213222.0,18254.70026,,18254.70026,Monday,RP
665,2020-10-27,211870.0,17196.449695,,17196.449695,Tuesday,RP
666,2020-10-28,216133.0,19048.556275,,19048.556275,Wednesday,RP
667,2020-10-29,137868.0,8788.014202,,8788.014202,Thursday,RP
668,2020-10-30,210788.0,19882.79231,,19882.79231,Friday,RP
669,2020-10-31,164654.0,10418.05219,,10418.05219,Saturday,RP
670,2020-11-01,50475.0,1146.880513,,1146.880513,Sunday,RP
671,2020-11-02,209895.0,18826.3228,,18826.3228,Monday,RP
672,2020-11-03,214907.0,17544.75851,,17544.75851,Tuesday,RP
673,2020-11-04,208643.0,16661.265144999998,,16661.265144999998,Wednesday,RP
674,2020-11-05,149762.0,7223.4395785,,7223.4395785,Thursday,RP
675,2020-11-06,206550.0,17231.575445000002,,17231.575445000002,Friday,RP
676,2020-11-07,211192.0,15841.63607,,15841.63607,Saturday,RP
677,2020-11-08,52166.0,593.9978306,,593.9978306,Sunday,RP
678,2020-11-09,213924.0,16744.600850000003,,16744.600850000003,Monday,RP
679,2020-11-10,145766.0,7216.7062195,,7216.7062195,Tuesday,RP
680,2020-11-11,60545.0,0.0012,,0.0012,Wednesday,RP
681,2020-11-12,106773.0,6200.6020690000005,,6200.6020690000005,Thursday,RP
682,2020-11-13,208296.0,15964.940245,,15964.940245,Friday,RP
683,2020-11-14,196981.0,13771.70244,,13771.70244,Saturday,RP
684,2020-11-15,43629.0,566.2879724,,566.2879724,Sunday,RP
685,2020-11-16,195140.0,15801.087715,,15801.087715,Monday,RP
686,2020-11-17,205036.0,15714.92801,,15714.92801,Tuesday,RP
687,2020-11-18,206738.0,15690.542235,,15690.542235,Wednesday,RP
688,2020-11-19,139331.0,8274.6059625,,8274.6059625,Thursday,RP
689,2020-11-20,207246.0,14474.849105,,14474.849105,Friday,RP
690,2020-11-21,211192.0,1748.626504,,1748.626504,Saturday,RP
691,2020-11-22,52109.0,2074.3723425,,2074.3723425,Sunday,RP
692,2020-11-23,57797.0,0.0024,,0.0024,Monday,RP
693,2020-11-24,184002.0,13319.74796,,13319.74796,Tuesday,RP
694,2020-11-25,175499.0,10102.876045,,10102.876045,Wednesday,RP
695,2020-11-26,211280.0,15926.788985,,15926.788985,Thursday,RP
696,2020-11-27,169352.0,10329.116375,,10329.116375,Friday,RP
697,2020-11-28,153897.0,15004.21768,,15004.21768,Saturday,RP
698,2020-11-29,15428.0,3493.4248395,,3493.4248395,Sunday,RP
699,2020-11-30,80265.0,0.0024004164999999,,0.0024004164999999,Monday,RP
700,2020-12-01,70748.0,99.1457401,,99.1457401,Tuesday,RP
701,2020-12-02,195979.0,14255.80088,,14255.80088,Wednesday,RP
702,2020-12-03,121988.0,4351.0482905,,4351.0482905,Thursday,RP
703,2020-12-04,178017.0,11353.935710000002,,11353.935710000002,Friday,RP
704,2020-12-05,201111.0,15166.000525,,15166.000525,Saturday,RP
705,2020-12-06,106283.0,3776.993581,,3776.993581,Sunday,RP
706,2020-12-07,195781.0,0.0012,,0.0012,Monday,RP
707,2020-12-08,178625.0,0.0012,,0.0012,Tuesday,RP
708,2020-12-09,172488.0,3250.7622545,,3250.7622545,Wednesday,RP
709,2020-12-10,109290.0,2699.546131,,2699.546131,Thursday,RP
710,2020-12-11,197981.0,8192.01454,,8192.01454,Friday,RP
711,2020-12-12,162771.0,5876.38387,,5876.38387,Saturday,RP
712,2020-12-13,37308.0,5.70515134,,5.70515134,Sunday,RP
713,2020-12-14,193542.0,5344.97466,,5344.97466,Monday,RP
714,2020-12-15,203095.0,8881.551415,,8881.551415,Tuesday,RP
715,2020-12-16,182224.0,6880.53542,,6880.53542,Wednesday,RP
716,2020-12-17,38862.0,2.7269370095,,2.7269370095,Thursday,RP
717,2020-12-18,62675.0,0.0,,0.0,Friday,RP
718,2020-12-19,56109.0,0.0,,0.0,Saturday,RP
719,2020-12-20,31263.0,0.0,,0.0,Sunday,RP
720,2020-12-21,201540.0,0.0,,0.0,Monday,RP
721,2020-12-22,196820.0,5706.10693,,5706.10693,Tuesday,RP
722,2020-12-23,193640.0,8424.671255,,8424.671255,Wednesday,RP
723,2020-12-24,158333.0,5312.44161,,5312.44161,Thursday,RP
724,2020-12-25,32964.0,35.99880123,,35.99880123,Friday,RP
725,2020-12-26,39932.0,31.079158445,,31.079158445,Saturday,RP
726,2020-12-27,25444.0,1.756528989,,1.756528989,Sunday,RP
727,2020-12-28,98483.0,2854.2611545,,2854.2611545,Monday,RP
728,2020-12-29,182912.0,6835.172665,,6835.172665,Tuesday,RP
729,2020-12-30,193868.0,7043.99212,,7043.99212,Wednesday,RP
730,2020-12-31,17997.0,4681.9446185,,4681.9446185,Thursday,RP
